region,current_incidence,predicted_incidence,risk_level
Africa,89.1790512364394,104.77718284984155,Medium
Americas,39.23142210821278,42.76785474920834,Low
South-East Asia,83.75480061899059,96.01640194913523,Low
Europe,31.415455935568986,28.893790594604496,Low
Eastern Mediterranean,18.333812680061392,15.23913344974301,Low
Western Pacific,20.18062470472195,16.774113137957166,Low
